label,rows,total_net_pnl,mean_trade_pnl,win_rate,daily_mean,daily_std,daily_sharpe,annualized_sharpe,max_drawdown,num_days
Train baseline: all hours,4435,8893.859147516701,2.005379740139053,0.35467869222096954,197.64131438925995,1699.1431509309461,0.1163182244421101,1.8464945689105086,-12796.540949014216,45
Train selected strategy,199,938.4333133484163,4.715745293208122,0.5577889447236181,46.92166566742081,135.31216758732006,0.34676604849405857,5.504740364615057,-215.55332692307698,20
Test baseline: all hours,3552,7702.346379651395,2.1684533726496045,0.5326576576576577,197.49606101670238,1142.0834611892703,0.17292611943705627,2.7451170433074217,-6702.956064102564,39
Test selected strategy,127,1950.6854198717947,15.359727715525942,0.7322834645669292,97.53427099358974,112.96242023748695,0.8634222849381079,13.706403854264302,-37.7012454212454,20
